1|Pronadjen vozač|Pronađen vozać milan za  vožnju za 02:30 13.03.2024|2024-06-03T10:00:23|6
2|Pronadjen vozač|Pronađen vozać Pera za  vožnju za 09:00 14.03.2024|2024-06-03T16:46:12|6
3|Pronadjen vozač|Pronađen vozać Pera za  vožnju za 09:00 14.03.2024|2024-06-03T16:46:55|6
4|Pronadjen vozač|Pronađen vozać milan za  vožnju za 01:15 29.03.2024|2024-06-04T12:35:46|6
5|Pronadjen vozač|Pronađen vozać milan za  vožnju za 01:15 29.03.2024|2024-06-04T12:36:54|6
6|Pronadjen vozač|Pronađen vozać milan za  vožnju za 01:15 29.03.2024|2024-06-04T12:37:44|6
7|Pronadjen vozač|Pronađen vozać milan za  vožnju za 01:15 29.03.2024|2024-06-04T12:38:18|6
8|Pronadjen vozač|Pronađen vozać milan za  vožnju za 01:15 29.03.2024|2024-06-04T12:38:49|6
9|Pronadjen vozač|Pronađen vozać milan za  vožnju za 01:15 29.03.2024|2024-06-04T12:42:46|6
10|Pronadjen vozač|Pronađen vozać milan za  vožnju za 02:30 10.04.2024|2024-06-04T12:43:41|6
11|Pronadjen vozač|Pronađen vozać milan za  vožnju za 02:45 11.04.2024|2024-06-04T16:55:58|6
12|Pronadjen vozač|Pronađen vozać milan za  vožnju za 06:15 13.05.2024|2024-06-04T17:10:22|6
13|Pronadjen vozač|Pronađen vozać milan za  vožnju za 09:15 13.05.2024|2024-06-04T18:40:46|6
14|Pronadjen vozač|Pronađen vozać milan za  vožnju za 08:00 14.03.2024|2024-06-04T19:55:28|6
