1|Mateja Jovanovic|21|12|1
2|Bogdan Djukic|20|12|1
3|Milan Jakovljevic|10|12|2
4|Milos Matunovic|20|12|3
9|Testic|20|12|3
5|Mateja Jovanoic|21|12|3
6|Boris Gozdenovic|20|12|3
7|matej aa|10|12|4
8|s sa|10|12|5
10|milan kozomora|10|12|6
11|Test Test|0|12|7
12|osoba osobic|10|12|8
13|druga peric|20|12|8
14|ime prezime|10|12|9
15|ime prr|20|12|9
16|ime pr|10|12|10
17|sa sa|10|12|11
18|Mateja Jovanovic|10|12|12
19|Boris Gozdenovic|10|12|12
20|Bogdan Djukic|10|12|12
21|Milan Jakovljevic|10|12|12
22|test test|1|12|13
23|test test|10|12|14
